{"cameraMode":{"drawMode":0,"name":"Shaded","section":"Shading Mode"},"sceneLighting":true,"audioPlay":false,"sceneViewState":{"showFog":true,"showMaterialUpdate":false,"showSkybox":true,"showFlares":true,"showImageEffects":true,"showParticleSystems":true},"in2DMode":false,"pivot":{"x":0.73681640625,"y":0.5905517339706421,"z":1.680419921875},"rotation":{"x":0.1128399670124054,"y":-0.33156001567840578,"z":0.03997992351651192,"w":0.9358206987380981},"size":3.1292076110839845,"orthographic":true}